parcelnum	hemis	X	Y	Z	lobe	region	network	yeo7	yeo17	lateral_groups	final_groups	opposite_groups	color
1	L	-2.38	-40.01	30.22	Parietal	isthmuscingulate	Default	7Networks_7	17Networks_16	576	123	376	#FF6600
2	L	-52.95	-4.94	37.48	Frontal	precentral	Second-Dorsal-Attention	7Networks_2	17Networks_4	413	441	539	#9900FF
3	L	-6.82	10.38	54.63	Frontal	superiorfrontal	Ventral-Attention-Language	7Networks_4	17Networks_8	337	601	615	#FF0033
4	L	-14.29	-95.41	23.32	Occipital	superiorparietal	Second-Visual	7Networks_1	17Networks_1	405	458	547	#CC00FF
5	L	-20.71	-61.48	-5.52	Occipital	lingual	Second-Visual	7Networks_1	17Networks_2	404	459	548	#CC00FF
6	L	-56.73	-46.75	-4.36	Temporal	middletemporal	Frontal-Parietal	7Networks_7	17Networks_17	524	210	428	#66FF00
7	L	-36.87	-23.65	16.61	Parietal	insula	Somatomotor	7Networks_2	17Networks_4	379	510	573	#FF00CC
8	L	-31.05	5.99	-23.39	Temporal	temporalpole	none	7Networks_5	17Networks_9	468	335	484	#00FFFF
9	L	-5.28	-35.86	26.75	Parietal	isthmuscingulate	Parietal-Episodic-Retrieval	7Networks_7	17Networks_16	431	404	521	#0099FF
10	L	-5.16	-50.5	26.44	Parietal	precuneus	Default	7Networks_7	17Networks_16	575	124	377	#FF6600
11	L	-6.54	-55.84	15.88	Parietal	precuneus	Parieto-Occipital	7Networks_7	17Networks_15	425	415	527	#0066FF
12	L	-16.01	-59.23	4.1	Parietal	precuneus	Second-Visual	7Networks_1	17Networks_2	403	460	549	#CC00FF
13	L	-6.73	-67.35	-1.38	Occipital	lingual	Second-Visual	7Networks_1	17Networks_2	402	461	550	#CC00FF
14	L	-18.54	-40.61	-1.17	Parietal	???	none	FreeSurfer_Defined_Medial_Wall	FreeSurfer_Defined_Medial_Wall	467	336	485	#00FFFF
15	L	-10.46	-36.61	-7.34	Parietal	parahippocampal	none	7Networks_1	17Networks_15	466	337	486	#00FFFF
16	L	-16.61	-39.94	-12.67	Occipital	parahippocampal	Parieto-Occipital	7Networks_7	17Networks_15	424	416	528	#0066FF
17	L	-6.42	-48.66	3.43	Parietal	isthmuscingulate	Parieto-Occipital	7Networks_1	17Networks_15	423	417	529	#0066FF
18	L	-7.69	-41.84	-2.12	Parietal	isthmuscingulate	none	7Networks_1	17Networks_2	465	338	487	#00FFFF
19	L	-10.51	-54.17	-0.38	Parietal	lingual	Second-Visual	7Networks_1	17Networks_2	401	462	551	#CC00FF
20	L	-4.68	-34.14	37.37	Parietal	isthmuscingulate	Frontal-Parietal	7Networks_7	17Networks_16	523	211	429	#66FF00
21	L	-2.32	-20.53	38.79	Parietal	posteriorcingulate	Parietal-Episodic-Retrieval	7Networks_7	17Networks_11	430	405	522	#0099FF
22	L	-8.89	-13.67	45.04	Frontal	posteriorcingulate	Somatomotor	7Networks_2	17Networks_3	378	511	574	#FF00CC
23	L	-8.18	-5.9	42.24	Frontal	posteriorcingulate	Cingulo-opercular	7Networks_2	17Networks_3	634	1	318	#FF0000
24	L	-8.1	6.79	37.44	Frontal	superiorfrontal	Cingulo-opercular	7Networks_4	17Networks_7	633	2	319	#FF0000
25	L	-6.85	28.7	55.47	Frontal	superiorfrontal	Ventral-Attention-Language	7Networks_7	17Networks_17	336	602	616	#FF0033
26	L	-6.64	22.26	45.25	Frontal	superiorfrontal	Frontal-Parietal	7Networks_7	17Networks_17	522	212	430	#66FF00
27	L	-6.72	30.17	36.35	Frontal	superiorfrontal	Frontal-Parietal	7Networks_6	17Networks_13	521	213	431	#66FF00
28	L	-8.38	26.34	21.77	Frontal	caudalanteriorcingulate	Salience	7Networks_6	17Networks_8	418	429	534	#3300FF
29	L	-6.65	32.09	12.33	Frontal	rostralanteriorcingulate	Salience	7Networks_7	17Networks_16	417	430	535	#3300FF
30	L	-4.98	-20.64	32.16	Parietal	posteriorcingulate	Parietal-Episodic-Retrieval	7Networks_6	17Networks_11	429	406	523	#0099FF
31	L	-3.42	-7.09	33.12	Frontal	posteriorcingulate	none	7Networks_6	17Networks_12	464	339	488	#00FFFF
32	L	-3.74	2.16	30.39	Frontal	posteriorcingulate	none	7Networks_6	17Networks_12	463	340	489	#00FFFF
33	L	-10.69	23.05	28.19	Frontal	superiorfrontal	Cingulo-opercular	7Networks_4	17Networks_8	632	3	320	#FF0000
34	L	-4.49	15.03	30.27	Frontal	caudalanteriorcingulate	Cingulo-opercular	7Networks_4	17Networks_7	631	4	321	#FF0000
35	L	-8.56	-46.21	39.05	Parietal	isthmuscingulate	Default	7Networks_7	17Networks_16	574	125	378	#FF6600
36	L	-10.75	-39.52	56.08	Parietal	precuneus	Somatomotor	7Networks_4	17Networks_11	377	512	575	#FF00CC
37	L	-13.44	-43.64	60.63	Parietal	precuneus	Cingulo-opercular	7Networks_4	17Networks_7	630	5	322	#FF0000
38	L	-11.05	-45.38	68.4	Parietal	precuneus	Somatomotor	7Networks_4	17Networks_7	376	513	576	#FF00CC
39	L	-17.52	-32.63	70.66	Frontal	postcentral	Somatomotor	7Networks_2	17Networks_3	375	514	577	#FF00CC
40	L	-7.83	-20.79	72.25	Frontal	precentral	Somatomotor	7Networks_2	17Networks_3	374	515	578	#FF00CC
41	L	-13.44	-13.18	68.7	Frontal	paracentral	Somatomotor	7Networks_2	17Networks_3	373	516	579	#FF00CC
42	L	-15.62	-10.21	62.92	Frontal	superiorfrontal	Somatomotor	7Networks_2	17Networks_7	372	517	580	#FF00CC
43	L	-9.55	0.28	67.38	Frontal	superiorfrontal	Cingulo-opercular	7Networks_4	17Networks_7	629	6	323	#FF0000
44	L	-11.56	-32.76	47.55	Parietal	precuneus	Cingulo-opercular	7Networks_7	17Networks_11	628	7	324	#FF0000
45	L	-10.09	-34.62	70.36	Frontal	postcentral	Somatomotor	7Networks_2	17Networks_3	371	518	581	#FF00CC
46	L	-6.36	-28.16	73.77	Frontal	postcentral	Somatomotor	7Networks_2	17Networks_3	370	519	582	#FF00CC
47	L	-7.64	-23.2	60.92	Frontal	paracentral	Somatomotor	7Networks_2	17Networks_3	369	520	583	#FF00CC
48	L	-12.05	-24.75	44.62	Parietal	paracentral	Somatomotor	7Networks_4	17Networks_7	368	521	584	#FF00CC
49	L	-7.9	-17.26	67.14	Frontal	paracentral	Somatomotor	7Networks_2	17Networks_3	367	522	585	#FF00CC
50	L	-4.82	-22.21	50.17	Frontal	paracentral	Somatomotor	7Networks_2	17Networks_3	366	523	586	#FF00CC
51	L	-3.72	-14.24	55.27	Frontal	paracentral	Somatomotor	7Networks_2	17Networks_3	365	524	587	#FF00CC
52	L	-4.89	-4.51	57.77	Frontal	superiorfrontal	Cingulo-opercular	7Networks_2	17Networks_3	627	8	325	#FF0000
53	L	-24.66	-33.35	63.55	Parietal	postcentral	Somatomotor	7Networks_2	17Networks_3	364	525	588	#FF00CC
54	L	-26.69	-28.15	59.4	Frontal	postcentral	Somatomotor	7Networks_2	17Networks_3	363	526	589	#FF00CC
55	L	-24.41	-23.7	60.09	Frontal	postcentral	Somatomotor	7Networks_2	17Networks_3	362	527	590	#FF00CC
56	L	-35.21	-22.4	48.02	Frontal	precentral	Somatomotor	7Networks_2	17Networks_3	361	528	591	#FF00CC
57	L	-46.02	-8.76	47.08	Frontal	precentral	Somatomotor	7Networks_2	17Networks_3	360	529	592	#FF00CC
58	L	-41.18	-2.01	47.14	Frontal	precentral	Ventral-Attention-Language	7Networks_6	17Networks_12	335	603	617	#FF0033
59	L	-29.7	-3.64	49.35	Frontal	caudalmiddlefrontal	Cingulo-opercular	7Networks_3	17Networks_6	626	9	326	#FF0000
60	L	-20.1	-2.42	53.53	Frontal	caudalmiddlefrontal	Default	7Networks_3	17Networks_12	573	126	379	#FF6600
61	L	-19.4	8.79	58.45	Frontal	superiorfrontal	Frontal-Parietal	7Networks_6	17Networks_12	520	214	432	#66FF00
62	L	-14.14	15.84	61.26	Frontal	superiorfrontal	Frontal-Parietal	7Networks_7	17Networks_17	519	215	433	#66FF00
63	L	-16.24	-28.75	67.57	Frontal	postcentral	Somatomotor	7Networks_2	17Networks_3	359	530	593	#FF00CC
64	L	-38.61	-16.03	58.98	Frontal	precentral	Somatomotor	7Networks_2	17Networks_3	358	531	594	#FF00CC
65	L	-14.97	-23.28	68.81	Frontal	precentral	Somatomotor	7Networks_2	17Networks_3	357	532	595	#FF00CC
66	L	-29.35	-9.92	50.65	Frontal	precentral	Cingulo-opercular	7Networks_3	17Networks_6	625	10	327	#FF0000
67	L	-29.39	-11.75	57.62	Frontal	precentral	Second-Dorsal-Attention	7Networks_2	17Networks_3	412	442	540	#9900FF
68	L	-22.21	-14.53	62	Frontal	precentral	Somatomotor	7Networks_2	17Networks_3	356	533	596	#FF00CC
69	L	-18.8	-5.48	56.98	Frontal	superiorfrontal	Somatomotor	7Networks_3	17Networks_6	355	534	597	#FF00CC
70	L	-13.59	1.68	60.09	Frontal	superiorfrontal	Frontal-Parietal-Other	7Networks_3	17Networks_6	472	320	480	#00FF66
71	L	-22.67	-44.12	64.61	Parietal	superiorparietal	Cingulo-opercular	7Networks_2	17Networks_3	624	11	328	#FF0000
72	L	-27.53	-39.28	55.66	Parietal	superiorparietal	Somatomotor	7Networks_2	17Networks_3	354	535	598	#FF00CC
73	L	-38.37	-36.84	52.25	Parietal	superiorparietal	Second-Dorsal-Attention	7Networks_3	17Networks_6	411	443	541	#9900FF
74	L	-40.07	-41.6	45.6	Parietal	superiorparietal	First-Dorsal-Attention	7Networks_3	17Networks_12	544	178	408	#FFFF00
75	L	-38.42	-43.72	38.02	Parietal	supramarginal	Frontal-Parietal	7Networks_6	17Networks_12	518	216	434	#66FF00
76	L	-44.93	-50.69	38.62	Parietal	supramarginal	Frontal-Parietal	7Networks_6	17Networks_12	517	217	435	#66FF00
77	L	-49.73	-11.94	29.79	Frontal	precentral	Somatomotor	7Networks_2	17Networks_4	353	536	599	#FF00CC
78	L	-55.52	-13.77	27.62	Frontal	postcentral	Somatomotor	7Networks_2	17Networks_4	352	537	600	#FF00CC
79	L	-51.78	-18.11	46.93	Frontal	postcentral	Somatomotor	7Networks_2	17Networks_3	351	538	601	#FF00CC
80	L	-55.65	-23.23	36.55	Parietal	postcentral	Second-Dorsal-Attention	7Networks_2	17Networks_3	410	444	542	#9900FF
81	L	-43.68	-29.59	37.85	Parietal	supramarginal	Second-Dorsal-Attention	7Networks_3	17Networks_6	409	445	543	#9900FF
82	L	-56.07	-35.48	39.87	Parietal	supramarginal	First-Dorsal-Attention	7Networks_6	17Networks_8	543	179	409	#FFFF00
83	L	-35.3	-35.94	44.39	Parietal	superiorparietal	Second-Dorsal-Attention	7Networks_3	17Networks_6	408	446	544	#9900FF
84	L	-34.02	-32.21	52.84	Parietal	superiorparietal	Somatomotor	7Networks_2	17Networks_3	350	539	602	#FF00CC
85	L	-43.1	-27.54	51.77	Parietal	postcentral	Somatomotor	7Networks_2	17Networks_3	349	540	603	#FF00CC
86	L	-43.11	-23.02	47.22	Parietal	postcentral	Somatomotor	7Networks_2	17Networks_3	348	541	604	#FF00CC
87	L	-37.24	-17.11	38.12	Frontal	precentral	Somatomotor	7Networks_2	17Networks_3	347	542	605	#FF00CC
88	L	-41.13	-55.38	26.63	Parietal	inferiorparietal	Frontal-Parietal	7Networks_6	17Networks_13	516	218	436	#66FF00
89	L	-42.93	-61.95	34.03	Parietal	inferiorparietal	Frontal-Parietal	7Networks_7	17Networks_17	515	219	437	#66FF00
90	L	-45.84	-69.13	23.79	Parietal	inferiorparietal	Default	7Networks_7	17Networks_17	572	127	380	#FF6600
91	L	-46.78	-62.33	17.88	Occipital	inferiorparietal	Default	7Networks_7	17Networks_17	571	128	381	#FF6600
92	L	-56.87	-44.88	6.7	Temporal	bankssts	Ventral-Attention-Language	7Networks_7	17Networks_14	334	604	618	#FF0033
93	L	-51.87	-49.31	36.72	Parietal	supramarginal	Cingulo-opercular	7Networks_6	17Networks_8	623	12	329	#FF0000
94	L	-51.74	-44.77	31.65	Parietal	supramarginal	Cingulo-opercular	7Networks_4	17Networks_7	622	13	330	#FF0000
95	L	-41.5	-38.79	24.08	Parietal	supramarginal	Cingulo-opercular	7Networks_2	17Networks_4	621	14	331	#FF0000
96	L	-36.43	-35.9	13.17	Temporal	superiortemporal	Cingulo-opercular	7Networks_2	17Networks_4	620	15	332	#FF0000
97	L	-33.34	-32.33	16.3	Parietal	supramarginal	Cingulo-opercular	7Networks_2	17Networks_4	619	16	333	#FF0000
98	L	-61.94	-34.83	-6.05	Temporal	middletemporal	Frontal-Parietal	7Networks_7	17Networks_17	514	220	438	#66FF00
99	L	-46.13	-33.06	-2.03	Temporal	superiortemporal	Cingulo-opercular	7Networks_7	17Networks_17	618	17	334	#FF0000
100	L	-55.6	-33.17	11.07	Temporal	superiortemporal	Cingulo-opercular	7Networks_2	17Networks_14	617	18	335	#FF0000
101	L	-47.29	-27.23	6.75	Temporal	superiortemporal	Cingulo-opercular	7Networks_2	17Networks_4	616	19	336	#FF0000
102	L	-45	-49.34	14.59	Temporal	bankssts	Cingulo-opercular	7Networks_4	17Networks_14	615	20	337	#FF0000
103	L	-44.85	-43.71	7.33	Temporal	bankssts	Ventral-Attention-Language	7Networks_7	17Networks_14	333	605	619	#FF0033
104	L	-53.19	-49.68	15.31	Parietal	supramarginal	Cingulo-opercular	7Networks_7	17Networks_17	614	21	338	#FF0000
105	L	-54.17	-54.4	22.39	Parietal	supramarginal	Cingulo-opercular	7Networks_7	17Networks_17	613	22	339	#FF0000
106	L	-59.53	-43.85	20.36	Parietal	supramarginal	Ventral-Attention-Language	7Networks_7	17Networks_17	332	606	620	#FF0033
107	L	-50.65	-36.77	5.88	Temporal	bankssts	Cingulo-opercular	7Networks_2	17Networks_14	612	23	340	#FF0000
108	L	-53.31	-33.37	1.67	Temporal	bankssts	Cingulo-opercular	7Networks_7	17Networks_14	611	24	341	#FF0000
109	L	-50.3	-40.08	16.74	Temporal	superiortemporal	Cingulo-opercular	7Networks_2	17Networks_4	610	25	342	#FF0000
110	L	-36.19	-19.11	-0.51	Insula	insula	Cingulo-opercular	7Networks_4	17Networks_7	609	26	343	#FF0000
111	L	-37.48	-3.22	-11.01	Insula	superiortemporal	Cingulo-opercular	7Networks_4	17Networks_9	608	27	344	#FF0000
112	L	-42.61	35.7	9.12	Frontal	parstriangularis	Cingulo-opercular	7Networks_6	17Networks_12	607	28	345	#FF0000
113	L	-49.11	17.11	11.88	Frontal	parsopercularis	Ventral-Attention-Language	7Networks_7	17Networks_17	331	607	621	#FF0033
114	L	-37.3	18.51	7.58	Frontal	insula	Cingulo-opercular	7Networks_4	17Networks_7	606	29	346	#FF0000
115	L	-37.22	4.37	10.59	Frontal	parsopercularis	Cingulo-opercular	7Networks_4	17Networks_7	605	30	347	#FF0000
116	L	-36.84	-0.12	8.53	Insula	insula	Cingulo-opercular	7Networks_2	17Networks_4	604	31	348	#FF0000
117	L	-37.97	-14.36	14.23	Insula	insula	Somatomotor	7Networks_2	17Networks_4	346	543	606	#FF00CC
118	L	-36.65	48.85	3.03	Frontal	rostralmiddlefrontal	Frontal-Parietal	7Networks_6	17Networks_13	513	221	439	#66FF00
119	L	-45.63	30.47	-4.41	Frontal	parsorbitalis	Ventral-Attention-Language	7Networks_7	17Networks_17	330	608	622	#FF0033
120	L	-36.82	18.35	-11.01	Insula	lateralorbitofrontal	Default	7Networks_7	17Networks_17	570	129	382	#FF6600
121	L	-29.63	11.57	-12.45	None	insula	Default	7Networks_4	17Networks_8	569	130	383	#FF6600
122	L	-35.21	11.02	-6.26	Insula	insula	Salience	7Networks_4	17Networks_8	416	431	536	#3300FF
123	L	-32.03	20.24	-0.53	Insula	insula	Frontal-Parietal	7Networks_6	17Networks_8	512	222	440	#66FF00
124	L	-41.25	23.89	-9.57	Frontal	parsorbitalis	Default	7Networks_7	17Networks_17	568	131	384	#FF6600
125	L	-51.45	22.58	3.28	Frontal	parstriangularis	Ventral-Attention-Language	7Networks_7	17Networks_17	329	609	623	#FF0033
126	L	-18.15	-53.39	58.92	Parietal	superiorparietal	Cingulo-opercular	7Networks_3	17Networks_6	603	32	349	#FF0000
127	L	-17.27	-62.46	53.34	Parietal	superiorparietal	Cingulo-opercular	7Networks_3	17Networks_5	602	33	350	#FF0000
128	L	-8.39	-71.05	55.45	Parietal	superiorparietal	First-Dorsal-Attention	7Networks_3	17Networks_5	542	180	410	#FFFF00
129	L	-12.37	-71.28	47.35	Parietal	superiorparietal	Second-Dorsal-Attention	7Networks_3	17Networks_5	407	447	545	#9900FF
130	L	-19.23	-72.1	36.37	Occipital	superiorparietal	Second-Visual	7Networks_3	17Networks_5	400	463	552	#CC00FF
131	L	-23.52	-79.28	28	Occipital	superiorparietal	Second-Visual	7Networks_1	17Networks_1	399	464	553	#CC00FF
132	L	-24.93	-83.85	19.74	Occipital	superiorparietal	Second-Visual	7Networks_1	17Networks_1	398	465	554	#CC00FF
133	L	-14.4	-76.67	26.42	Occipital	precuneus	Second-Visual	7Networks_1	17Networks_2	397	466	555	#CC00FF
134	L	-5.99	-84.27	37.52	Occipital	cuneus	Second-Visual	7Networks_1	17Networks_2	396	467	556	#CC00FF
135	L	-14.63	-78.73	41.3	Occipital	superiorparietal	Second-Visual	7Networks_3	17Networks_5	395	468	557	#CC00FF
136	L	-13.88	-50.52	60.37	Parietal	superiorparietal	Cingulo-opercular	7Networks_3	17Networks_6	601	34	351	#FF0000
137	L	-7.26	-60.87	53.97	Parietal	superiorparietal	Frontal-Parietal	7Networks_3	17Networks_5	511	223	441	#66FF00
138	L	-10.88	-81.37	40.56	Occipital	superiorparietal	Second-Visual	7Networks_1	17Networks_5	394	469	558	#CC00FF
139	L	-6.33	-67.24	43.16	Parietal	precuneus	Parietal-Episodic-Retrieval	7Networks_3	17Networks_5	428	407	524	#0099FF
140	L	-4.62	-49.26	58.69	Parietal	precuneus	Frontal-Parietal-Other	7Networks_3	17Networks_6	471	321	481	#00FF66
141	L	-5.17	-43.16	57.54	Parietal	precuneus	Cingulo-opercular	7Networks_4	17Networks_7	600	35	352	#FF0000
142	L	-5.47	-53.84	46.4	Parietal	precuneus	Default	7Networks_6	17Networks_11	567	132	385	#FF6600
143	L	-10.16	-63.11	35.63	Parietal	precuneus	Parietal-Episodic-Retrieval	7Networks_6	17Networks_11	427	408	525	#0099FF
144	L	-8.45	-62.68	29.71	Parietal	precuneus	Default	7Networks_6	17Networks_11	566	133	386	#FF6600
145	L	-31.04	-82.86	32.21	Occipital	inferiorparietal	Frontal-Parietal-Other	7Networks_6	17Networks_15	470	322	482	#00FF66
146	L	-34.48	-73.22	44.52	Parietal	inferiorparietal	Frontal-Parietal	7Networks_7	17Networks_16	510	224	442	#66FF00
147	L	-44.19	-63.99	41.25	Parietal	inferiorparietal	Frontal-Parietal	7Networks_7	17Networks_16	509	225	443	#66FF00
148	L	-41	-55.85	44.33	Parietal	inferiorparietal	Frontal-Parietal	7Networks_6	17Networks_13	508	226	444	#66FF00
149	L	-27.97	-66.61	44.06	Parietal	inferiorparietal	Frontal-Parietal	7Networks_7	17Networks_13	507	227	445	#66FF00
150	L	-30.04	-48.97	37.45	Parietal	supramarginal	Parietal-Episodic-Retrieval	7Networks_6	17Networks_13	426	409	526	#0099FF
151	L	-25.63	-73.59	29.72	Occipital	inferiorparietal	Default	7Networks_1	17Networks_5	565	134	387	#FF6600
152	L	-24.39	-63.82	48.17	Parietal	superiorparietal	Frontal-Parietal	7Networks_3	17Networks_12	506	228	446	#66FF00
153	L	-33.28	-47.65	45.43	Parietal	superiorparietal	First-Dorsal-Attention	7Networks_3	17Networks_12	541	181	411	#FFFF00
154	L	-28.49	-54.91	57.66	Parietal	superiorparietal	Second-Visual	7Networks_3	17Networks_5	393	470	559	#CC00FF
155	L	-37.06	-45.5	54.47	Parietal	superiorparietal	Second-Dorsal-Attention	7Networks_3	17Networks_6	406	448	546	#9900FF
156	L	-28.66	-90.08	12.52	Occipital	lateraloccipital	Second-Visual	7Networks_1	17Networks_1	392	471	560	#CC00FF
157	L	-37.04	-83.83	9.88	Occipital	lateraloccipital	Second-Visual	7Networks_1	17Networks_1	391	472	561	#CC00FF
158	L	-42.92	-74.51	3.47	Occipital	lateraloccipital	Second-Visual	7Networks_1	17Networks_1	390	473	562	#CC00FF
159	L	-46.28	-67.62	2.49	Occipital	lateraloccipital	Cingulo-opercular	7Networks_3	17Networks_5	599	36	353	#FF0000
160	L	-53.63	-61.06	-12.81	Temporal	inferiortemporal	Frontal-Parietal	7Networks_6	17Networks_12	505	229	447	#66FF00
161	L	-58.92	-53.45	-0.84	Temporal	middletemporal	Frontal-Parietal	7Networks_6	17Networks_13	504	230	448	#66FF00
162	L	-49.06	-60.78	-3.92	Temporal	middletemporal	Cingulo-opercular	7Networks_3	17Networks_6	598	37	354	#FF0000
163	L	-39.4	-62.98	7.89	Occipital	inferiorparietal	Cingulo-opercular	7Networks_7	17Networks_14	597	38	355	#FF0000
164	L	-41.28	-72.72	20.7	Occipital	inferiorparietal	Parieto-Occipital	7Networks_3	17Networks_5	422	418	530	#0066FF
165	L	-52.49	-60.65	9.47	Occipital	middletemporal	Ventral-Attention-Language	7Networks_4	17Networks_6	328	610	624	#FF0033
166	L	-35.93	-81.7	23.92	Occipital	inferiorparietal	Cingulo-opercular	7Networks_3	17Networks_5	596	39	356	#FF0000
167	L	-36.06	-68.57	27.43	Parietal	inferiorparietal	Default	7Networks_7	17Networks_16	564	135	388	#FF6600
168	L	-59.03	0.42	19.17	Frontal	precentral	Cingulo-opercular	7Networks_2	17Networks_4	595	40	357	#FF0000
169	L	-53.07	-3.26	11.58	Frontal	precentral	Cingulo-opercular	7Networks_4	17Networks_7	594	41	358	#FF0000
170	L	-49.49	-13.73	10.03	Temporal	postcentral	Cingulo-opercular	7Networks_2	17Networks_4	593	42	359	#FF0000
171	L	-57.07	-30.86	22.86	Parietal	supramarginal	Cingulo-opercular	7Networks_4	17Networks_7	592	43	360	#FF0000
172	L	-45.94	-33.81	20.06	Parietal	supramarginal	Cingulo-opercular	7Networks_4	17Networks_7	591	44	361	#FF0000
173	L	-54.39	-21.23	16.53	Parietal	supramarginal	Cingulo-opercular	7Networks_2	17Networks_4	590	45	362	#FF0000
174	L	-59.1	-13	11.86	Parietal	postcentral	Somatomotor	7Networks_2	17Networks_4	345	544	607	#FF00CC
175	L	-39.27	4.54	42.07	Frontal	caudalmiddlefrontal	Frontal-Parietal	7Networks_6	17Networks_12	503	231	449	#66FF00
176	L	-35.03	2.08	33.13	Frontal	caudalmiddlefrontal	Frontal-Parietal	7Networks_6	17Networks_12	502	232	450	#66FF00
177	L	-39.94	12.41	35.63	Frontal	caudalmiddlefrontal	Default	7Networks_6	17Networks_13	563	136	389	#FF6600
178	L	-36.23	20.62	31.21	Frontal	parsopercularis	Frontal-Parietal	7Networks_6	17Networks_12	501	233	451	#66FF00
179	L	-45.7	32.2	19.14	Frontal	rostralmiddlefrontal	Frontal-Parietal	7Networks_6	17Networks_12	500	234	452	#66FF00
180	L	-39.13	39.25	17.98	Frontal	rostralmiddlefrontal	Frontal-Parietal	7Networks_6	17Networks_8	499	235	453	#66FF00
181	L	-43.13	11.59	1.78	Frontal	parsopercularis	Ventral-Attention-Language	7Networks_4	17Networks_8	327	611	625	#FF0033
182	L	-46.49	23.55	15.84	Frontal	parstriangularis	Ventral-Attention-Language	7Networks_6	17Networks_12	326	612	626	#FF0033
183	L	-52.31	13.04	15.69	Frontal	parsopercularis	Ventral-Attention-Language	7Networks_7	17Networks_17	325	613	627	#FF0033
184	L	-52.22	17.44	25.76	Frontal	parsopercularis	Cingulo-opercular	7Networks_7	17Networks_17	589	46	363	#FF0000
185	L	-50.14	-1.62	3.65	Frontal	precentral	Cingulo-opercular	7Networks_4	17Networks_7	588	47	364	#FF0000
186	L	-42.96	25.64	24.9	Frontal	rostralmiddlefrontal	Frontal-Parietal	7Networks_6	17Networks_12	498	236	454	#66FF00
187	L	-49.34	5.46	28.77	Frontal	parsopercularis	Frontal-Parietal	7Networks_6	17Networks_12	497	237	455	#66FF00
188	L	-44.67	4.76	15.56	Frontal	parsopercularis	First-Dorsal-Attention	7Networks_4	17Networks_7	540	182	412	#FFFF00
189	L	-38.41	2.26	29.37	Frontal	parsopercularis	Frontal-Parietal	7Networks_3	17Networks_12	496	238	456	#66FF00
190	L	-48.87	-1.5	26.26	Frontal	precentral	First-Dorsal-Attention	7Networks_4	17Networks_12	539	183	413	#FFFF00
191	L	-29.64	55.09	4.27	Frontal	rostralmiddlefrontal	Frontal-Parietal	7Networks_7	17Networks_13	495	239	457	#66FF00
192	L	-21.27	53.67	0.4	Frontal	rostralmiddlefrontal	Frontal-Parietal	7Networks_5	17Networks_10	494	240	458	#66FF00
193	L	-11.78	56.99	-6.24	Frontal	rostralmiddlefrontal	none	7Networks_5	17Networks_10	462	341	490	#00FFFF
194	L	-5.48	52.33	-0.02	Frontal	medialorbitofrontal	Default	7Networks_7	17Networks_17	562	137	390	#FF6600
195	L	-5.45	32.79	-13.41	Frontal	medialorbitofrontal	Default	7Networks_7	17Networks_16	561	138	391	#FF6600
196	L	-6.05	24.02	-9.92	Frontal	medialorbitofrontal	Frontal-Parietal	7Networks_5	17Networks_10	493	241	459	#66FF00
197	L	-4.93	11.87	-12.04	Frontal	medialorbitofrontal	none	7Networks_5	17Networks_10	461	342	491	#00FFFF
198	L	-25.6	-0.75	-22.72	Temporal	temporalpole	none	7Networks_5	17Networks_9	460	343	492	#00FFFF
199	L	-42.37	43.5	-6.67	Frontal	parsorbitalis	Frontal-Parietal	7Networks_7	17Networks_13	492	242	460	#66FF00
200	L	-38.03	34.19	-8.62	Frontal	parsorbitalis	Frontal-Parietal	7Networks_7	17Networks_17	491	243	461	#66FF00
201	L	-32.71	28.61	-11.21	Frontal	lateralorbitofrontal	Default	7Networks_7	17Networks_17	560	139	392	#FF6600
202	L	-26.11	3.4	-15.95	Temporal	insula	Cingulo-opercular	FreeSurfer_Defined_Medial_Wall	FreeSurfer_Defined_Medial_Wall	587	48	365	#FF0000
203	L	-27.37	51.96	-7.58	Frontal	rostralmiddlefrontal	Frontal-Parietal	7Networks_5	17Networks_10	490	244	462	#66FF00
204	L	-24.39	22.42	-14.15	Frontal	lateralorbitofrontal	Frontal-Parietal	7Networks_5	17Networks_10	489	245	463	#66FF00
205	L	-25.41	39.8	-9.43	Frontal	lateralorbitofrontal	Cingulo-opercular	7Networks_6	17Networks_8	586	49	366	#FF0000
206	L	-21.66	31.82	-15.8	Frontal	lateralorbitofrontal	Frontal-Parietal	7Networks_5	17Networks_10	488	246	464	#66FF00
207	L	-19.66	11.36	-18.28	Frontal	lateralorbitofrontal	none	7Networks_5	17Networks_10	459	344	493	#00FFFF
208	L	-16.7	47.25	-13.56	Frontal	lateralorbitofrontal	Frontal-Parietal	7Networks_5	17Networks_10	487	247	465	#66FF00
209	L	-14.29	12.82	-19.89	Frontal	lateralorbitofrontal	none	7Networks_5	17Networks_10	458	345	494	#00FFFF
210	L	-9.92	30.62	-18.46	Frontal	lateralorbitofrontal	none	7Networks_5	17Networks_10	457	346	495	#00FFFF
211	L	-5.19	48.42	-14.09	Frontal	medialorbitofrontal	Default	7Networks_5	17Networks_10	559	140	393	#FF6600
212	L	-13.38	12.26	-15.68	Frontal	lateralorbitofrontal	none	7Networks_5	17Networks_10	456	347	496	#00FFFF
213	L	-7.97	12.41	-17.02	Frontal	medialorbitofrontal	none	7Networks_5	17Networks_10	455	348	497	#00FFFF
214	L	-54.63	-26.78	-12.83	Temporal	middletemporal	Frontal-Parietal	7Networks_7	17Networks_17	486	248	466	#66FF00
215	L	-59.84	-15.35	-11	Temporal	middletemporal	Default	7Networks_7	17Networks_17	558	141	394	#FF6600
216	L	-50.85	-8.38	-23.24	Temporal	middletemporal	Default	7Networks_7	17Networks_17	557	142	395	#FF6600
217	L	-43.34	-2.85	-28.34	Temporal	middletemporal	Frontal-Parietal	7Networks_5	17Networks_9	485	249	467	#66FF00
218	L	-40.02	6.15	-30.74	Temporal	middletemporal	Default	7Networks_5	17Networks_9	556	143	396	#FF6600
219	L	-34.55	11.95	-24.46	Temporal	superiortemporal	none	7Networks_5	17Networks_9	454	349	498	#00FFFF
220	L	-27.52	-43.13	-8.93	Temporal	fusiform	Parieto-Occipital	7Networks_1	17Networks_15	421	419	531	#0066FF
221	L	-27.6	-33.73	-18.17	Temporal	parahippocampal	none	7Networks_5	17Networks_15	453	350	499	#00FFFF
222	L	-23.1	-25.45	-24.82	Temporal	entorhinal	none	7Networks_5	17Networks_9	452	351	500	#00FFFF
223	L	-21.43	-74.63	-10.34	Occipital	fusiform	Second-Visual	7Networks_1	17Networks_5	389	474	563	#CC00FF
224	L	-31.46	-53.1	-15.8	Temporal	fusiform	Second-Visual	7Networks_3	17Networks_5	388	475	564	#CC00FF
225	L	-41.58	-60.37	-13.06	Temporal	inferiortemporal	First-Dorsal-Attention	7Networks_3	17Networks_12	538	184	414	#FFFF00
226	L	-31.29	8.74	-32.44	Temporal	temporalpole	Default	7Networks_5	17Networks_9	555	144	397	#FF6600
227	L	-60.23	-18.72	-22.61	Temporal	inferiortemporal	Ventral-Attention-Language	7Networks_7	17Networks_17	324	614	628	#FF0033
228	L	-24.54	7.71	-31.8	Temporal	temporalpole	none	7Networks_5	17Networks_9	451	352	501	#00FFFF
229	L	-32.25	-5.73	-37.89	Temporal	inferiortemporal	none	7Networks_5	17Networks_9	450	353	502	#00FFFF
230	L	-61.32	-44.27	-12.86	Temporal	inferiortemporal	Frontal-Parietal	7Networks_6	17Networks_13	484	250	468	#66FF00
231	L	-42.14	-16.31	-34.79	Temporal	inferiortemporal	none	7Networks_5	17Networks_9	449	354	503	#00FFFF
232	L	-62.07	-31.07	-14.58	Temporal	inferiortemporal	Frontal-Parietal	7Networks_7	17Networks_13	483	251	469	#66FF00
233	L	-49.91	-30.29	-23.22	Temporal	inferiortemporal	none	7Networks_5	17Networks_9	448	355	504	#00FFFF
234	L	-50.52	-47.68	-18.73	Temporal	inferiortemporal	Cingulo-opercular	7Networks_5	17Networks_9	585	50	367	#FF0000
235	L	-29.15	-8.35	-29.78	Temporal	entorhinal	none	7Networks_5	17Networks_9	447	356	505	#00FFFF
236	L	-30.74	-18.24	-29.83	Temporal	fusiform	none	7Networks_5	17Networks_9	446	357	506	#00FFFF
237	L	-39.6	-19.33	-23.2	Temporal	inferiortemporal	none	7Networks_5	17Networks_9	445	358	507	#00FFFF
238	L	-42.7	-38.1	-19.61	Temporal	inferiortemporal	none	7Networks_5	17Networks_9	444	359	508	#00FFFF
239	L	-40.11	-44.96	-19.26	Temporal	inferiortemporal	Second-Visual	7Networks_3	17Networks_5	387	476	565	#CC00FF
240	L	-37.01	-30.14	-16.36	Temporal	fusiform	Default	7Networks_5	17Networks_9	554	145	398	#FF6600
241	L	-34.9	-27.11	-26.19	Temporal	fusiform	none	7Networks_5	17Networks_9	443	360	509	#00FFFF
242	L	-32.04	-37.88	-18.13	Temporal	fusiform	none	7Networks_5	17Networks_9	442	361	510	#00FFFF
243	L	-20.01	-46.45	-11.81	Occipital	fusiform	none	7Networks_1	17Networks_15	441	362	511	#00FFFF
244	L	-6.09	-102.59	6.15	Occipital	lateraloccipital	Second-Visual	7Networks_1	17Networks_1	386	477	566	#CC00FF
245	L	-4.66	-103.12	-10.05	Occipital	lateraloccipital	First-Visual-V1+	7Networks_1	17Networks_1	536	191	416	#99FF00
246	L	-3.2	-91.68	2.41	Occipital	lingual	First-Visual-V1+	7Networks_1	17Networks_1	535	192	417	#99FF00
247	L	-6.31	-94.48	-16.38	Occipital	lateraloccipital	First-Visual-V1+	7Networks_1	17Networks_1	534	193	418	#99FF00
248	L	-14.13	-102.86	0.16	Occipital	lateraloccipital	First-Visual-V1+	7Networks_1	17Networks_1	533	194	419	#99FF00
249	L	-34.89	-73.33	-4.62	Occipital	fusiform	Second-Visual	7Networks_1	17Networks_5	385	478	567	#CC00FF
250	L	-25.72	-91.86	-3.45	Occipital	lateraloccipital	First-Visual-V1+	7Networks_1	17Networks_1	532	195	420	#99FF00
251	L	-25.49	-100.05	-4.42	Occipital	lateraloccipital	First-Visual-V1+	7Networks_1	17Networks_1	531	196	421	#99FF00
252	L	-16.23	-100.96	-13.14	Occipital	lateraloccipital	First-Visual-V1+	7Networks_1	17Networks_1	530	197	422	#99FF00
253	L	-15.05	-91.78	-9.95	Occipital	lateraloccipital	First-Visual-V1+	7Networks_1	17Networks_1	529	198	423	#99FF00
254	L	-33.95	-83.87	-13.97	Occipital	fusiform	Second-Visual	7Networks_1	17Networks_1	384	479	568	#CC00FF
255	L	-12.86	-79.22	-10.88	Occipital	lingual	Second-Visual	7Networks_1	17Networks_1	383	480	569	#CC00FF
256	L	-1.66	-96.18	6.37	Occipital	pericalcarine	First-Visual-V1+	7Networks_1	17Networks_1	528	199	424	#99FF00
257	L	-8.43	-74.15	10.75	Occipital	pericalcarine	First-Visual-V1+	7Networks_1	17Networks_2	527	200	425	#99FF00
258	L	-5.85	-92.38	24.88	Occipital	superiorparietal	Second-Visual	7Networks_1	17Networks_2	382	481	570	#CC00FF
259	L	-5.41	-60.82	7.1	Parietal	lingual	First-Visual-V1+	7Networks_1	17Networks_2	526	201	426	#99FF00
260	L	-5.65	-80.18	17.54	Occipital	pericalcarine	First-Visual-V1+	7Networks_1	17Networks_2	525	202	427	#99FF00
261	L	-2.31	-79.71	29.06	Occipital	cuneus	Second-Visual	7Networks_1	17Networks_2	381	482	571	#CC00FF
262	L	-3.01	-66.78	20.1	Parietal	cuneus	Parieto-Occipital	7Networks_1	17Networks_2	420	420	532	#0066FF
263	L	-12.78	-64.34	12.22	Parietal	cuneus	Second-Visual	7Networks_1	17Networks_2	380	483	572	#CC00FF
264	L	-17.57	-63.69	23.77	Parietal	precuneus	Parieto-Occipital	7Networks_1	17Networks_15	419	421	533	#0066FF
265	L	-19.48	-8.84	-22.69	Temporal	???	none	7Networks_5	17Networks_9	440	363	512	#00FFFF
266	L	-20.93	-21.8	-17.75	Temporal	parahippocampal	none	7Networks_5	17Networks_15	439	364	513	#00FFFF
267	L	-16.49	-30.06	-14.58	Parietal	parahippocampal	none	7Networks_7	17Networks_15	438	365	514	#00FFFF
268	L	-26.71	-15.69	-20.38	Temporal	???	none	FreeSurfer_Defined_Medial_Wall	FreeSurfer_Defined_Medial_Wall	437	366	515	#00FFFF
269	L	-24.08	-35.27	-8.6	None	???	none	FreeSurfer_Defined_Medial_Wall	FreeSurfer_Defined_Medial_Wall	436	367	516	#00FFFF
270	L	-27.66	-39.79	-4.2	None	???	none	FreeSurfer_Defined_Medial_Wall	FreeSurfer_Defined_Medial_Wall	435	368	517	#00FFFF
271	L	-8.1	40.5	47	Frontal	superiorfrontal	Ventral-Attention-Language	7Networks_7	17Networks_17	323	615	629	#FF0033
272	L	-16.28	32.34	43.26	Frontal	superiorfrontal	Default	7Networks_7	17Networks_17	553	146	399	#FF6600
273	L	-13.6	44.02	40.49	Frontal	superiorfrontal	Frontal-Parietal	7Networks_7	17Networks_17	482	252	470	#66FF00
274	L	-22.46	39	37.39	Frontal	rostralmiddlefrontal	Frontal-Parietal	7Networks_7	17Networks_17	481	253	471	#66FF00
275	L	-20.78	46.84	29.97	Frontal	rostralmiddlefrontal	Default	7Networks_7	17Networks_8	552	147	400	#FF6600
276	L	-36.73	48.33	19.24	Frontal	rostralmiddlefrontal	Frontal-Parietal	7Networks_6	17Networks_13	480	254	472	#66FF00
277	L	-10.16	35.21	-2.28	Frontal	medialorbitofrontal	Default	7Networks_7	17Networks_16	551	148	401	#FF6600
278	L	-4.27	34.3	-0.45	Frontal	rostralanteriorcingulate	Salience	7Networks_7	17Networks_16	415	432	537	#3300FF
279	L	-27.63	41.49	17.34	Frontal	rostralmiddlefrontal	Ventral-Attention-Language	7Networks_6	17Networks_13	322	616	630	#FF0033
280	L	-14.55	58.84	8.19	Frontal	rostralmiddlefrontal	Default	7Networks_7	17Networks_16	550	149	402	#FF6600
281	L	-11.95	42.92	7.33	Frontal	medialorbitofrontal	Salience	7Networks_7	17Networks_16	414	433	538	#3300FF
282	L	-5.78	41.72	8.6	Frontal	rostralanteriorcingulate	Default	7Networks_7	17Networks_16	549	150	403	#FF6600
283	L	-24.3	53.5	19.99	Frontal	rostralmiddlefrontal	Frontal-Parietal	7Networks_7	17Networks_16	479	255	473	#66FF00
284	L	-12.83	58.43	18.82	Frontal	superiorfrontal	Frontal-Parietal	7Networks_7	17Networks_16	478	256	474	#66FF00
285	L	-7.87	52.47	13.53	Frontal	superiorfrontal	Default	7Networks_7	17Networks_16	548	151	404	#FF6600
286	L	-7.09	47.69	24.43	Frontal	superiorfrontal	Default	7Networks_7	17Networks_17	547	152	405	#FF6600
287	L	-13.87	48.66	37.45	Frontal	superiorfrontal	Frontal-Parietal	7Networks_7	17Networks_17	477	257	475	#66FF00
288	L	-8.58	36.25	27.37	Frontal	superiorfrontal	Frontal-Parietal	7Networks_7	17Networks_16	476	258	476	#66FF00
289	L	-33.98	36.38	28.87	Frontal	rostralmiddlefrontal	Cingulo-opercular	7Networks_6	17Networks_8	584	51	368	#FF0000
290	L	-14.66	24.08	54.88	Frontal	superiorfrontal	Frontal-Parietal	7Networks_7	17Networks_17	475	259	477	#66FF00
291	L	-21.49	16.91	45.14	Frontal	superiorfrontal	Default	7Networks_7	17Networks_16	546	153	406	#FF6600
292	L	-33.17	31.17	38.03	Frontal	rostralmiddlefrontal	Cingulo-opercular	7Networks_4	17Networks_8	583	52	369	#FF0000
293	L	-34.38	29.48	27.34	Frontal	rostralmiddlefrontal	First-Dorsal-Attention	7Networks_6	17Networks_12	537	185	415	#FFFF00
294	L	-26.97	32.06	46.46	Frontal	rostralmiddlefrontal	Frontal-Parietal-Other	7Networks_6	17Networks_8	469	323	483	#00FF66
295	L	-32.93	11.2	52.41	Frontal	rostralmiddlefrontal	Frontal-Parietal	7Networks_7	17Networks_16	474	260	478	#66FF00
296	L	-33.32	22.05	46.04	Frontal	rostralmiddlefrontal	Frontal-Parietal	7Networks_6	17Networks_13	473	261	479	#66FF00
297	L	-42.43	18.62	38.52	Frontal	caudalmiddlefrontal	Ventral-Attention-Language	7Networks_6	17Networks_13	321	617	631	#FF0033
298	L	-42.26	2.65	-16.33	Temporal	superiortemporal	none	7Networks_5	17Networks_9	434	369	518	#00FFFF
299	L	-38.18	-23.68	5.9	Temporal	transversetemporal	Cingulo-opercular	7Networks_2	17Networks_4	582	53	370	#FF0000
300	L	-41.21	10.63	-15.76	Temporal	superiortemporal	none	7Networks_5	17Networks_9	433	370	519	#00FFFF
301	L	-45.22	-4.91	-7.36	Temporal	superiortemporal	none	7Networks_4	17Networks_4	432	371	520	#00FFFF
302	L	-49.93	5.16	-14.82	Temporal	superiortemporal	Ventral-Attention-Language	7Networks_5	17Networks_17	320	618	632	#FF0033
303	L	-51.11	4.11	-2.98	Frontal	superiortemporal	Cingulo-opercular	7Networks_2	17Networks_4	581	54	371	#FF0000
304	L	-57.19	-13.23	3.99	Temporal	transversetemporal	Cingulo-opercular	7Networks_2	17Networks_4	580	55	372	#FF0000
305	L	-47.69	-20.6	7.89	Temporal	transversetemporal	Cingulo-opercular	7Networks_2	17Networks_4	579	56	373	#FF0000
306	L	-56.19	-3.49	-3.62	Temporal	superiortemporal	Cingulo-opercular	7Networks_2	17Networks_4	578	57	374	#FF0000
307	L	-53.98	-18.25	-3.48	Temporal	superiortemporal	Ventral-Attention-Language	7Networks_7	17Networks_14	319	619	633	#FF0033
308	L	-53.44	-9.06	-13.13	Temporal	middletemporal	Default	7Networks_7	17Networks_17	545	154	407	#FF6600
309	L	-48.8	-20.84	-7.27	Temporal	middletemporal	Ventral-Attention-Language	7Networks_7	17Networks_17	318	620	634	#FF0033
310	L	-48	-26.46	-6.19	Temporal	middletemporal	Cingulo-opercular	7Networks_7	17Networks_17	577	58	375	#FF0000
311	R	6.22	-49.39	29.34	Parietal	precuneus	Default	7Networks_7	17Networks_16	65	155	65	#FF6600
312	R	15.67	-32.58	68.63	Frontal	superiorparietal	Somatomotor	7Networks_2	17Networks_3	255	545	255	#FF00CC
313	R	49.51	-3.44	46.91	Frontal	precentral	Cingulo-opercular	7Networks_2	17Networks_4	1	59	1	#FF0000
314	R	3.11	14.37	55.04	Frontal	superiorfrontal	Ventral-Attention-Language	7Networks_7	17Networks_17	304	621	304	#FF0033
315	R	28.23	-76.8	30.94	Parietal	lateraloccipital	Second-Visual	7Networks_1	17Networks_1	229	484	229	#CC00FF
316	R	44.87	-50.85	37.6	Parietal	supramarginal	Frontal-Parietal	7Networks_6	17Networks_12	100	262	100	#66FF00
317	R	40.08	43.27	16.6	Frontal	rostralmiddlefrontal	Frontal-Parietal	7Networks_6	17Networks_8	101	263	101	#66FF00
318	R	17.52	-50.76	-7.45	Occipital	lingual	Somatomotor	7Networks_1	17Networks_2	256	546	256	#FF00CC
319	R	57.64	-45.35	-11.69	Temporal	middletemporal	Frontal-Parietal	7Networks_6	17Networks_13	102	264	102	#66FF00
320	R	35.36	-24.41	17.5	Parietal	insula	Somatomotor	7Networks_2	17Networks_4	257	547	257	#FF00CC
321	R	29.28	9.03	-22.77	Temporal	superiortemporal	none	7Networks_5	17Networks_9	169	372	169	#00FFFF
322	R	5.99	-34.51	27.61	Parietal	isthmuscingulate	Parietal-Episodic-Retrieval	7Networks_6	17Networks_11	201	410	201	#0099FF
323	R	4	-51.64	17.52	Parietal	isthmuscingulate	Salience	7Networks_7	17Networks_16	213	434	213	#3300FF
324	R	5.06	-54.42	8.19	Parietal	isthmuscingulate	Parieto-Occipital	7Networks_7	17Networks_16	206	422	206	#0066FF
325	R	16.19	-53.17	3.44	Occipital	lingual	Second-Visual	7Networks_1	17Networks_2	230	485	230	#CC00FF
326	R	8.84	-58.2	-1.27	Occipital	lingual	Second-Visual	7Networks_1	17Networks_2	231	486	231	#CC00FF
327	R	20.73	-37.21	-3.64	Parietal	???	none	FreeSurfer_Defined_Medial_Wall	FreeSurfer_Defined_Medial_Wall	170	373	170	#00FFFF
328	R	11.34	-37.19	-3.84	Parietal	???	none	FreeSurfer_Defined_Medial_Wall	FreeSurfer_Defined_Medial_Wall	171	374	171	#00FFFF
329	R	5.34	-45.18	17.75	Parietal	isthmuscingulate	Parietal-Episodic-Retrieval	7Networks_7	17Networks_16	202	411	202	#0099FF
330	R	5.44	-50.14	5.72	Parietal	isthmuscingulate	Parieto-Occipital	7Networks_7	17Networks_15	207	423	207	#0066FF
331	R	10.82	-45.6	-4.87	Cerebellum	lingual	Somatomotor	7Networks_1	17Networks_2	258	548	258	#FF00CC
332	R	3.13	-35.34	33.55	Parietal	posteriorcingulate	Default	7Networks_7	17Networks_16	66	156	66	#FF6600
333	R	9.91	-23.45	42.79	Parietal	posteriorcingulate	Cingulo-opercular	7Networks_7	17Networks_11	2	60	2	#FF0000
334	R	8.3	-14.03	40.26	Frontal	posteriorcingulate	Somatomotor	7Networks_2	17Networks_3	259	549	259	#FF00CC
335	R	5.49	-14.25	51.15	Frontal	superiorfrontal	Somatomotor	7Networks_2	17Networks_3	260	550	260	#FF00CC
336	R	4.1	2.93	52.48	Frontal	superiorfrontal	Cingulo-opercular	7Networks_4	17Networks_7	3	61	3	#FF0000
337	R	5.13	21.94	43.08	Frontal	superiorfrontal	Frontal-Parietal	7Networks_6	17Networks_13	103	265	103	#66FF00
338	R	11.22	30.66	22.37	Frontal	superiorfrontal	Salience	7Networks_7	17Networks_13	214	435	214	#3300FF
339	R	2.68	29.25	17.76	Frontal	caudalanteriorcingulate	Salience	7Networks_6	17Networks_8	215	436	215	#3300FF
340	R	5.11	34.16	3.87	Frontal	medialorbitofrontal	Salience	7Networks_7	17Networks_16	216	437	216	#3300FF
341	R	8.41	4.01	43.11	Frontal	superiorfrontal	Cingulo-opercular	7Networks_4	17Networks_7	4	62	4	#FF0000
342	R	4.67	-3.45	39.48	Frontal	posteriorcingulate	Cingulo-opercular	7Networks_4	17Networks_7	5	63	5	#FF0000
343	R	3.28	-20.59	33.37	Parietal	posteriorcingulate	Parietal-Episodic-Retrieval	7Networks_6	17Networks_11	203	412	203	#0099FF
344	R	1.93	-6.26	32.78	Frontal	posteriorcingulate	none	7Networks_6	17Networks_12	172	375	172	#00FFFF
345	R	10.9	17.48	33.66	Frontal	superiorfrontal	Cingulo-opercular	7Networks_4	17Networks_8	6	64	6	#FF0000
346	R	2.37	15.91	29.61	Frontal	caudalanteriorcingulate	Cingulo-opercular	7Networks_4	17Networks_8	7	65	7	#FF0000
347	R	6.99	21.42	28.14	Frontal	caudalanteriorcingulate	Cingulo-opercular	7Networks_4	17Networks_8	8	66	8	#FF0000
348	R	8.53	-44.54	39.41	Parietal	precuneus	Default	7Networks_7	17Networks_16	67	157	67	#FF6600
349	R	6.59	-35.24	51.3	Parietal	precuneus	Cingulo-opercular	7Networks_3	17Networks_11	9	67	9	#FF0000
350	R	3.3	-37.49	59.52	Parietal	precuneus	Cingulo-opercular	7Networks_4	17Networks_7	10	68	10	#FF0000
351	R	9.13	-41.93	65.99	Parietal	superiorparietal	Somatomotor	7Networks_3	17Networks_6	261	551	261	#FF00CC
352	R	13.01	-37.92	71.9	Frontal	superiorparietal	Somatomotor	7Networks_2	17Networks_3	262	552	262	#FF00CC
353	R	8.08	-30.77	76.31	Frontal	postcentral	Somatomotor	7Networks_2	17Networks_3	263	553	263	#FF00CC
354	R	6.11	-25.94	71.18	Frontal	postcentral	Somatomotor	7Networks_2	17Networks_3	264	554	264	#FF00CC
355	R	14.69	-12.76	70.03	Frontal	precentral	Somatomotor	7Networks_2	17Networks_3	265	555	265	#FF00CC
356	R	5.5	-18.24	63.95	Frontal	precentral	Somatomotor	7Networks_2	17Networks_3	266	556	266	#FF00CC
357	R	9.15	-7.64	64.22	Frontal	superiorfrontal	Somatomotor	7Networks_4	17Networks_7	267	557	267	#FF00CC
358	R	11.96	3.53	59.8	Frontal	superiorfrontal	Cingulo-opercular	7Networks_4	17Networks_8	11	69	11	#FF0000
359	R	8.05	-33.91	65.77	Frontal	precuneus	Somatomotor	7Networks_2	17Networks_3	268	558	268	#FF00CC
360	R	12.08	-33.66	42.61	Parietal	posteriorcingulate	Cingulo-opercular	7Networks_4	17Networks_7	12	70	12	#FF0000
361	R	10.23	-32.01	53.17	Parietal	precuneus	Somatomotor	7Networks_4	17Networks_7	269	559	269	#FF00CC
362	R	12.02	-27.89	47.08	Parietal	paracentral	Cingulo-opercular	7Networks_4	17Networks_7	13	71	13	#FF0000
363	R	5.85	-1.62	61.92	Frontal	superiorfrontal	Cingulo-opercular	7Networks_4	17Networks_7	14	72	14	#FF0000
364	R	22.11	-25.27	62.67	Frontal	postcentral	Somatomotor	7Networks_2	17Networks_3	270	560	270	#FF00CC
365	R	38.92	-19.61	48.58	Frontal	precentral	Somatomotor	7Networks_2	17Networks_3	271	561	271	#FF00CC
366	R	37.73	-8.47	44.78	Frontal	precentral	Somatomotor	7Networks_2	17Networks_3	272	562	272	#FF00CC
367	R	44.47	1.21	42.84	Frontal	precentral	Ventral-Attention-Language	7Networks_4	17Networks_7	305	622	305	#FF0033
368	R	29.08	7.6	51.1	Frontal	caudalmiddlefrontal	Frontal-Parietal	7Networks_3	17Networks_5	104	266	104	#66FF00
369	R	25.74	1.33	46.82	Frontal	caudalmiddlefrontal	Frontal-Parietal	7Networks_3	17Networks_12	105	267	105	#66FF00
370	R	16.33	15.8	49.11	Frontal	superiorfrontal	Frontal-Parietal-Other	7Networks_6	17Networks_13	158	324	158	#00FF66
371	R	15.92	11.06	59.66	Frontal	superiorfrontal	Frontal-Parietal	7Networks_6	17Networks_13	106	268	106	#66FF00
372	R	10.91	15.44	60.22	Frontal	superiorfrontal	Frontal-Parietal	7Networks_7	17Networks_13	107	269	107	#66FF00
373	R	15.16	-24.35	67.97	Frontal	postcentral	Somatomotor	7Networks_2	17Networks_3	273	563	273	#FF00CC
374	R	22.21	-21.29	60.79	Frontal	precentral	Somatomotor	7Networks_2	17Networks_3	274	564	274	#FF00CC
375	R	42.79	-0.73	52.93	Frontal	precentral	Cingulo-opercular	7Networks_2	17Networks_3	15	73	15	#FF0000
376	R	34.31	-20.59	58.53	Frontal	precentral	Somatomotor	7Networks_2	17Networks_3	275	565	275	#FF00CC
377	R	11.78	-21.35	67.57	Frontal	postcentral	Somatomotor	7Networks_2	17Networks_3	276	566	276	#FF00CC
378	R	34.22	-9.66	55.93	Frontal	precentral	Second-Dorsal-Attention	7Networks_2	17Networks_3	220	449	220	#9900FF
379	R	33.73	-14.63	64.59	Frontal	precentral	Somatomotor	7Networks_2	17Networks_3	277	567	277	#FF00CC
380	R	29.38	-8.05	58.13	Frontal	precentral	Somatomotor	7Networks_2	17Networks_3	278	568	278	#FF00CC
381	R	19.79	-7.82	62.55	Frontal	precentral	Somatomotor	7Networks_2	17Networks_3	279	569	279	#FF00CC
382	R	23.84	0.81	56.2	Frontal	superiorfrontal	First-Dorsal-Attention	7Networks_3	17Networks_6	88	186	88	#FFFF00
383	R	21.87	7.24	58.12	Frontal	superiorfrontal	Frontal-Parietal-Other	7Networks_3	17Networks_6	159	325	159	#00FF66
384	R	27.21	-35.66	54.84	Parietal	superiorparietal	Somatomotor	7Networks_2	17Networks_3	280	570	280	#FF00CC
385	R	35.87	-38.31	55.51	Parietal	superiorparietal	Second-Dorsal-Attention	7Networks_2	17Networks_6	221	450	221	#9900FF
386	R	33.56	-41.88	47.79	Parietal	superiorparietal	First-Dorsal-Attention	7Networks_3	17Networks_5	89	187	89	#FFFF00
387	R	34.62	-43.64	40.1	Parietal	supramarginal	Frontal-Parietal	7Networks_3	17Networks_12	108	270	108	#66FF00
388	R	35.82	-15.61	36.22	None	postcentral	Somatomotor	7Networks_2	17Networks_4	281	571	281	#FF00CC
389	R	53.76	-18.99	42.61	Parietal	postcentral	Somatomotor	7Networks_2	17Networks_3	282	572	282	#FF00CC
390	R	47.17	-23.25	36.82	Parietal	postcentral	Second-Dorsal-Attention	7Networks_2	17Networks_6	222	451	222	#9900FF
391	R	41.8	-28.58	41.97	Parietal	supramarginal	Second-Dorsal-Attention	7Networks_3	17Networks_6	223	452	223	#9900FF
392	R	51.66	-31.94	47.62	Parietal	supramarginal	Frontal-Parietal	7Networks_4	17Networks_7	109	271	109	#66FF00
393	R	44.34	-42.91	49.57	Parietal	supramarginal	Frontal-Parietal	7Networks_6	17Networks_12	110	272	110	#66FF00
394	R	22.74	-28.71	65.9	Frontal	superiorparietal	Somatomotor	7Networks_2	17Networks_3	283	573	283	#FF00CC
395	R	31.99	-32.06	46.23	Parietal	superiorparietal	Somatomotor	7Networks_3	17Networks_6	284	574	284	#FF00CC
396	R	30.19	-32.03	59.75	Parietal	postcentral	Somatomotor	7Networks_2	17Networks_3	285	575	285	#FF00CC
397	R	39.23	-27.95	48.54	Parietal	postcentral	Somatomotor	7Networks_2	17Networks_3	286	576	286	#FF00CC
398	R	53.57	-49.24	37.88	Parietal	supramarginal	Cingulo-opercular	7Networks_6	17Networks_8	16	74	16	#FF0000
399	R	55.07	-52.2	27.37	Parietal	inferiorparietal	Cingulo-opercular	7Networks_6	17Networks_13	17	75	17	#FF0000
400	R	51.63	-47.47	17.93	Parietal	inferiorparietal	Cingulo-opercular	7Networks_7	17Networks_14	18	76	18	#FF0000
401	R	58.85	-41.04	-2.5	Temporal	bankssts	Frontal-Parietal	7Networks_7	17Networks_17	111	273	111	#66FF00
402	R	48.58	-40.18	36.04	Parietal	supramarginal	Cingulo-opercular	7Networks_4	17Networks_7	19	77	19	#FF0000
403	R	38.99	-35.92	20.77	Parietal	supramarginal	Cingulo-opercular	7Networks_2	17Networks_4	20	78	20	#FF0000
404	R	58.62	-29.87	-4.47	Temporal	middletemporal	Frontal-Parietal-Other	7Networks_7	17Networks_17	160	326	160	#00FF66
405	R	44.41	-26.65	-2.82	Temporal	superiortemporal	Cingulo-opercular	7Networks_7	17Networks_14	21	79	21	#FF0000
406	R	54.01	-21.49	-1.67	Temporal	superiortemporal	Cingulo-opercular	7Networks_2	17Networks_14	22	80	22	#FF0000
407	R	61.93	-21.15	4.21	Temporal	superiortemporal	Cingulo-opercular	7Networks_2	17Networks_4	23	81	23	#FF0000
408	R	44.68	-24.6	11.01	Temporal	superiortemporal	Cingulo-opercular	7Networks_2	17Networks_4	24	82	24	#FF0000
409	R	44.43	-44.46	7.51	Temporal	bankssts	Ventral-Attention-Language	7Networks_4	17Networks_14	306	623	306	#FF0033
410	R	50.99	-43.87	3.11	Temporal	bankssts	Ventral-Attention-Language	7Networks_7	17Networks_14	307	624	307	#FF0033
411	R	47.53	-44.53	19.75	Parietal	inferiorparietal	Cingulo-opercular	7Networks_7	17Networks_14	25	83	25	#FF0000
412	R	45.57	-34.99	0.16	Temporal	middletemporal	Default	7Networks_7	17Networks_17	68	158	68	#FF6600
413	R	58.09	-45.7	25.18	Parietal	supramarginal	Cingulo-opercular	7Networks_4	17Networks_8	26	84	26	#FF0000
414	R	43.78	-35.33	4.73	Temporal	bankssts	Cingulo-opercular	7Networks_7	17Networks_14	27	85	27	#FF0000
415	R	56.51	-35.58	19.98	Parietal	supramarginal	Cingulo-opercular	7Networks_4	17Networks_7	28	86	28	#FF0000
416	R	62.11	-35.49	8.53	Temporal	bankssts	Cingulo-opercular	7Networks_2	17Networks_14	29	87	29	#FF0000
417	R	39.67	-33.91	13.99	Temporal	superiortemporal	Cingulo-opercular	7Networks_2	17Networks_4	30	88	30	#FF0000
418	R	34.34	-21.69	4.22	Insula	insula	Cingulo-opercular	7Networks_2	17Networks_4	31	89	31	#FF0000
419	R	37.93	-14.32	-4.54	Insula	insula	Cingulo-opercular	7Networks_4	17Networks_7	32	90	32	#FF0000
420	R	35.88	-2	-10.56	Temporal	insula	Cingulo-opercular	FreeSurfer_Defined_Medial_Wall	FreeSurfer_Defined_Medial_Wall	33	91	33	#FF0000
421	R	39.26	3.84	-15.68	Temporal	superiortemporal	none	7Networks_5	17Networks_9	173	376	173	#00FFFF
422	R	45.65	31.84	6.84	Frontal	parstriangularis	Cingulo-opercular	7Networks_4	17Networks_8	34	92	34	#FF0000
423	R	52.94	23.81	2.22	Frontal	parstriangularis	Ventral-Attention-Language	7Networks_7	17Networks_17	308	625	308	#FF0033
424	R	39.23	16.12	9.95	Frontal	parsopercularis	Cingulo-opercular	7Networks_6	17Networks_8	35	93	35	#FF0000
425	R	42.84	0.81	5.01	Insula	precentral	Cingulo-opercular	7Networks_4	17Networks_7	36	94	36	#FF0000
426	R	37.2	-12	15.49	Insula	insula	Somatomotor	7Networks_2	17Networks_4	287	577	287	#FF00CC
427	R	43.66	40.25	6.65	Frontal	rostralmiddlefrontal	Cingulo-opercular	7Networks_6	17Networks_8	37	95	37	#FF0000
428	R	45.01	35.54	-4.55	Frontal	parsorbitalis	Frontal-Parietal	7Networks_7	17Networks_17	112	274	112	#66FF00
429	R	45.12	25.07	-10.64	Frontal	parsorbitalis	Ventral-Attention-Language	7Networks_7	17Networks_17	309	626	309	#FF0033
430	R	35.41	18.22	-12.66	Insula	lateralorbitofrontal	Default	7Networks_7	17Networks_17	69	159	69	#FF6600
431	R	28.98	14.51	-9	Putamen	insula	Default	7Networks_4	17Networks_8	70	160	70	#FF6600
432	R	34.34	-14.82	11.16	Insula	insula	Somatomotor	7Networks_2	17Networks_4	288	578	288	#FF00CC
433	R	37.3	-7.56	5.29	Insula	insula	Frontal-Parietal	7Networks_2	17Networks_4	113	275	113	#66FF00
434	R	34.5	2.64	8.3	Insula	insula	Cingulo-opercular	7Networks_4	17Networks_7	38	96	38	#FF0000
435	R	37.94	7.81	-5.86	Insula	insula	Cingulo-opercular	7Networks_4	17Networks_7	39	97	39	#FF0000
436	R	35.07	16.22	2.43	Insula	insula	Frontal-Parietal	7Networks_4	17Networks_8	114	276	114	#66FF00
437	R	34.56	20.45	-0.31	Insula	lateralorbitofrontal	Frontal-Parietal	7Networks_6	17Networks_8	115	277	115	#66FF00
438	R	41.48	24.24	-0.05	Frontal	parstriangularis	Cingulo-opercular	7Networks_4	17Networks_8	40	98	40	#FF0000
439	R	21.77	-44.32	70.25	Parietal	superiorparietal	Cingulo-opercular	7Networks_3	17Networks_6	41	99	41	#FF0000
440	R	11.87	-49.76	62.42	Parietal	superiorparietal	Second-Dorsal-Attention	7Networks_3	17Networks_6	224	453	224	#9900FF
441	R	13.16	-52.34	57.76	Parietal	superiorparietal	Second-Visual	7Networks_3	17Networks_5	232	487	232	#CC00FF
442	R	20.78	-59.07	61.88	Parietal	superiorparietal	Somatomotor	7Networks_3	17Networks_5	289	579	289	#FF00CC
443	R	18.46	-68.79	54.43	Parietal	superiorparietal	First-Dorsal-Attention	7Networks_3	17Networks_5	90	188	90	#FFFF00
444	R	15.11	-71.64	44.92	Parietal	superiorparietal	Second-Visual	7Networks_3	17Networks_5	233	488	233	#CC00FF
445	R	20.64	-86.51	33.21	Occipital	superiorparietal	Second-Visual	7Networks_1	17Networks_1	234	489	234	#CC00FF
446	R	3.3	-56.78	24.63	Parietal	precuneus	Parieto-Occipital	7Networks_7	17Networks_16	208	424	208	#0066FF
447	R	9.93	-65.42	26.72	Parietal	precuneus	Parieto-Occipital	7Networks_7	17Networks_16	209	425	209	#0066FF
448	R	13.65	-76.51	39.24	Parietal	precuneus	Second-Visual	7Networks_1	17Networks_2	235	490	235	#CC00FF
449	R	14.15	-88.52	26.03	Occipital	superiorparietal	Second-Visual	7Networks_1	17Networks_2	236	491	236	#CC00FF
450	R	10.52	-63	49.63	Parietal	superiorparietal	Parietal-Episodic-Retrieval	7Networks_3	17Networks_5	204	413	204	#0099FF
451	R	4.81	-62.34	56.91	Parietal	superiorparietal	Frontal-Parietal	7Networks_3	17Networks_5	116	278	116	#66FF00
452	R	2.98	-52.19	59.92	Parietal	superiorparietal	Cingulo-opercular	7Networks_3	17Networks_6	42	100	42	#FF0000
453	R	4.49	-52.97	46.24	Parietal	precuneus	Frontal-Parietal	7Networks_6	17Networks_11	117	279	117	#66FF00
454	R	10.68	-61.66	35.2	Parietal	precuneus	Parietal-Episodic-Retrieval	7Networks_7	17Networks_16	205	414	205	#0099FF
455	R	32.59	-78.16	38.84	Parietal	inferiorparietal	Frontal-Parietal-Other	7Networks_3	17Networks_5	161	327	161	#00FF66
456	R	28.13	-74.86	47.58	Parietal	inferiorparietal	Frontal-Parietal	7Networks_7	17Networks_16	118	280	118	#66FF00
457	R	39.6	-67.34	43.65	Parietal	inferiorparietal	Frontal-Parietal	7Networks_7	17Networks_16	119	281	119	#66FF00
458	R	42.16	-56.97	47.48	Parietal	inferiorparietal	Frontal-Parietal	7Networks_7	17Networks_13	120	282	120	#66FF00
459	R	49.14	-59.35	33.41	Parietal	inferiorparietal	Frontal-Parietal-Other	7Networks_7	17Networks_13	162	328	162	#00FF66
460	R	31.77	-62.59	52.74	Parietal	inferiorparietal	Frontal-Parietal	7Networks_7	17Networks_13	121	283	121	#66FF00
461	R	31.12	-51.36	46.78	Parietal	inferiorparietal	Frontal-Parietal	7Networks_6	17Networks_13	122	284	122	#66FF00
462	R	26.58	-45.26	44.51	Parietal	inferiorparietal	Frontal-Parietal	7Networks_3	17Networks_12	123	285	123	#66FF00
463	R	23.8	-66.46	51.87	Parietal	superiorparietal	Frontal-Parietal	7Networks_3	17Networks_5	124	286	124	#66FF00
464	R	22.14	-52.8	51.51	Parietal	superiorparietal	Second-Visual	7Networks_3	17Networks_5	237	492	237	#CC00FF
465	R	30.88	-44.77	54.57	Parietal	superiorparietal	Second-Dorsal-Attention	7Networks_3	17Networks_5	225	454	225	#9900FF
466	R	28.68	-51.11	58.72	Parietal	superiorparietal	Second-Dorsal-Attention	7Networks_3	17Networks_5	226	455	226	#9900FF
467	R	28.63	-44.81	64.76	Parietal	superiorparietal	Cingulo-opercular	7Networks_3	17Networks_6	43	101	43	#FF0000
468	R	34.62	-85.33	15.86	Occipital	lateraloccipital	Second-Visual	7Networks_1	17Networks_1	238	493	238	#CC00FF
469	R	36.73	-82.36	9.67	Occipital	lateraloccipital	Second-Visual	7Networks_1	17Networks_1	239	494	239	#CC00FF
470	R	40.87	-79.22	0.15	Occipital	inferiortemporal	Second-Visual	7Networks_3	17Networks_5	240	495	240	#CC00FF
471	R	49.98	-58.47	-5.86	Temporal	inferiortemporal	Frontal-Parietal	7Networks_6	17Networks_12	125	287	125	#66FF00
472	R	49.89	-69.99	-0.42	Occipital	middletemporal	Cingulo-opercular	7Networks_3	17Networks_5	44	102	44	#FF0000
473	R	43.6	-66.44	11.74	Occipital	inferiorparietal	Second-Visual	7Networks_3	17Networks_5	241	496	241	#CC00FF
474	R	59.53	-54.08	1.91	Temporal	middletemporal	Frontal-Parietal	7Networks_3	17Networks_6	126	288	126	#66FF00
475	R	40.92	-76.05	23.21	Parietal	inferiorparietal	Cingulo-opercular	7Networks_1	17Networks_5	45	103	45	#FF0000
476	R	40.44	-65.64	21.76	Parietal	inferiorparietal	Second-Visual	7Networks_3	17Networks_5	242	497	242	#CC00FF
477	R	41.31	-69.82	33.34	Parietal	inferiorparietal	Parieto-Occipital	7Networks_7	17Networks_15	210	426	210	#0066FF
478	R	47.46	-56.78	16.04	Parietal	inferiorparietal	Default	7Networks_7	17Networks_16	71	161	71	#FF6600
479	R	47.81	-65.25	33.98	Parietal	inferiorparietal	Default	7Networks_7	17Networks_16	72	162	72	#FF6600
480	R	38.08	-57.12	29.95	Parietal	inferiorparietal	Ventral-Attention-Language	7Networks_7	17Networks_16	310	627	310	#FF0033
481	R	50.01	-8.48	30.4	Parietal	precentral	Somatomotor	7Networks_2	17Networks_4	290	580	290	#FF00CC
482	R	58.31	-4.67	17.35	Frontal	precentral	Somatomotor	7Networks_2	17Networks_4	291	581	291	#FF00CC
483	R	47.81	-12.1	13.72	Parietal	postcentral	Cingulo-opercular	7Networks_2	17Networks_4	46	104	46	#FF0000
484	R	51.86	-29.67	22.25	Parietal	supramarginal	Cingulo-opercular	7Networks_4	17Networks_7	47	105	47	#FF0000
485	R	54.37	-35.82	37.28	Parietal	supramarginal	Cingulo-opercular	7Networks_4	17Networks_7	48	106	48	#FF0000
486	R	55.95	-29.27	37.66	Parietal	supramarginal	First-Dorsal-Attention	7Networks_4	17Networks_6	91	189	91	#FFFF00
487	R	55.92	-28	31.64	Parietal	supramarginal	First-Dorsal-Attention	7Networks_4	17Networks_6	92	190	92	#FFFF00
488	R	59.23	-21.39	29.83	Parietal	supramarginal	Second-Dorsal-Attention	7Networks_4	17Networks_6	227	456	227	#9900FF
489	R	60	-12.85	20.38	Parietal	postcentral	Somatomotor	7Networks_2	17Networks_4	292	582	292	#FF00CC
490	R	53.06	-12.62	29.48	Parietal	postcentral	Somatomotor	7Networks_2	17Networks_4	293	583	293	#FF00CC
491	R	47.39	-0.98	36.22	Frontal	precentral	Cingulo-opercular	7Networks_4	17Networks_7	49	107	49	#FF0000
492	R	33.44	7.55	36.19	Frontal	caudalmiddlefrontal	Cingulo-opercular	7Networks_6	17Networks_12	50	108	50	#FF0000
493	R	39.88	22.59	36.83	Frontal	rostralmiddlefrontal	Frontal-Parietal	7Networks_6	17Networks_13	127	289	127	#66FF00
494	R	41.15	32.63	28.4	Frontal	rostralmiddlefrontal	Frontal-Parietal	7Networks_6	17Networks_8	128	290	128	#66FF00
495	R	53.12	17.8	12.03	Frontal	parstriangularis	Ventral-Attention-Language	7Networks_7	17Networks_17	311	628	311	#FF0033
496	R	41.75	31.83	19.67	Frontal	parstriangularis	Frontal-Parietal	7Networks_6	17Networks_12	129	291	129	#66FF00
497	R	46.49	25.12	18.48	Frontal	parstriangularis	Frontal-Parietal	7Networks_6	17Networks_12	130	292	130	#66FF00
498	R	47.35	6.36	12.94	Frontal	parsopercularis	Frontal-Parietal	7Networks_6	17Networks_8	131	293	131	#66FF00
499	R	44.27	22.45	26.62	Frontal	rostralmiddlefrontal	Frontal-Parietal	7Networks_6	17Networks_12	132	294	132	#66FF00
500	R	45.87	15.7	26.53	Frontal	parsopercularis	Cingulo-opercular	7Networks_6	17Networks_12	51	109	51	#FF0000
501	R	52.72	-1.6	8.91	Frontal	precentral	Cingulo-opercular	7Networks_4	17Networks_7	52	110	52	#FF0000
502	R	40.33	5.78	20.96	Frontal	parsopercularis	Frontal-Parietal	7Networks_3	17Networks_12	133	295	133	#66FF00
503	R	47.18	7.29	30.06	Frontal	precentral	Frontal-Parietal	7Networks_4	17Networks_12	134	296	134	#66FF00
504	R	38.45	7.83	33.76	Frontal	rostralmiddlefrontal	Frontal-Parietal	7Networks_6	17Networks_12	135	297	135	#66FF00
505	R	46.56	0.38	26.81	Frontal	precentral	Second-Dorsal-Attention	7Networks_3	17Networks_12	228	457	228	#9900FF
506	R	34.19	51.4	7.41	Frontal	rostralmiddlefrontal	Frontal-Parietal	7Networks_6	17Networks_13	136	298	136	#66FF00
507	R	37.93	49.46	1.69	Frontal	rostralmiddlefrontal	Frontal-Parietal-Other	7Networks_6	17Networks_13	163	329	163	#00FF66
508	R	25.71	49.03	-2.25	Frontal	rostralmiddlefrontal	Cingulo-opercular	7Networks_6	17Networks_13	53	111	53	#FF0000
509	R	6.7	52.98	-5.59	Frontal	medialorbitofrontal	Default	7Networks_7	17Networks_16	73	163	73	#FF6600
510	R	3.79	26.47	-3.92	Frontal	medialorbitofrontal	Salience	7Networks_5	17Networks_10	217	438	217	#3300FF
511	R	10.48	7.39	-14.02	Frontal	insula	none	7Networks_5	17Networks_10	174	377	174	#00FFFF
512	R	25.17	2.63	-19.7	Temporal	insula	Cingulo-opercular	FreeSurfer_Defined_Medial_Wall	FreeSurfer_Defined_Medial_Wall	54	112	54	#FF0000
513	R	42.94	44.71	-6.98	Frontal	parsorbitalis	Frontal-Parietal	7Networks_6	17Networks_13	137	299	137	#66FF00
514	R	32.56	27.55	-7.85	Frontal	lateralorbitofrontal	Default	7Networks_7	17Networks_16	74	164	74	#FF6600
515	R	34.59	45.55	-9.37	Frontal	parsorbitalis	Frontal-Parietal	7Networks_6	17Networks_13	138	300	138	#66FF00
516	R	26.78	39.99	-11.33	Frontal	lateralorbitofrontal	Frontal-Parietal	7Networks_6	17Networks_13	139	301	139	#66FF00
517	R	21.08	9.87	-15.73	Frontal	lateralorbitofrontal	Cingulo-opercular	7Networks_5	17Networks_10	55	113	55	#FF0000
518	R	23.41	28.04	-12.73	Frontal	lateralorbitofrontal	Frontal-Parietal	7Networks_5	17Networks_10	140	302	140	#66FF00
519	R	19.24	24.52	-16.29	Frontal	lateralorbitofrontal	none	7Networks_5	17Networks_10	175	378	175	#00FFFF
520	R	14.54	23.91	-18.82	Frontal	lateralorbitofrontal	none	7Networks_5	17Networks_10	176	379	176	#00FFFF
521	R	12.63	14.9	-15.46	Frontal	lateralorbitofrontal	none	7Networks_5	17Networks_10	177	380	177	#00FFFF
522	R	10.52	50.18	-16.97	Frontal	lateralorbitofrontal	Default	7Networks_5	17Networks_10	75	165	75	#FF6600
523	R	10.02	26.87	-15.63	Frontal	lateralorbitofrontal	none	7Networks_5	17Networks_10	178	381	178	#00FFFF
524	R	9.47	40.33	-15.33	Frontal	lateralorbitofrontal	Frontal-Parietal	7Networks_5	17Networks_10	141	303	141	#66FF00
525	R	3.19	36.01	-14.33	Frontal	medialorbitofrontal	Default	7Networks_5	17Networks_10	76	166	76	#FF6600
526	R	3.17	20.69	-13.66	Frontal	medialorbitofrontal	Default	7Networks_5	17Networks_10	77	167	77	#FF6600
527	R	59.19	-32.29	-12.65	Temporal	middletemporal	Frontal-Parietal	7Networks_6	17Networks_13	142	304	142	#66FF00
528	R	55.85	-19.73	-17.52	Temporal	middletemporal	Frontal-Parietal	7Networks_7	17Networks_16	143	305	143	#66FF00
529	R	46.98	-8.78	-26.33	Temporal	middletemporal	Default	7Networks_7	17Networks_17	78	168	78	#FF6600
530	R	45.74	2.79	-27.94	Temporal	middletemporal	Default	7Networks_7	17Networks_17	79	169	79	#FF6600
531	R	33.57	9.81	-30.17	Temporal	temporalpole	Frontal-Parietal	7Networks_5	17Networks_9	144	306	144	#66FF00
532	R	25.54	-44.94	-5.19	Occipital	parahippocampal	Somatomotor	7Networks_1	17Networks_15	294	584	294	#FF00CC
533	R	29.95	-37.6	-11.91	Temporal	fusiform	none	7Networks_1	17Networks_15	179	382	179	#00FFFF
534	R	24.2	-20.08	-27.35	Temporal	entorhinal	none	7Networks_5	17Networks_9	180	383	180	#00FFFF
535	R	20.06	-3.26	-30.62	Temporal	temporalpole	none	7Networks_5	17Networks_9	181	384	181	#00FFFF
536	R	22.11	9.7	-31.3	Temporal	temporalpole	none	7Networks_5	17Networks_9	182	385	182	#00FFFF
537	R	23.18	-66.61	-7.55	Occipital	fusiform	Second-Visual	7Networks_1	17Networks_1	243	498	243	#CC00FF
538	R	26.99	-54.6	-13.15	Occipital	fusiform	Second-Visual	7Networks_1	17Networks_1	244	499	244	#CC00FF
539	R	38.49	-57.86	-10.7	Temporal	inferiortemporal	Second-Visual	7Networks_3	17Networks_5	245	500	245	#CC00FF
540	R	48.94	-45.93	-17	Temporal	inferiortemporal	Cingulo-opercular	7Networks_3	17Networks_5	56	114	56	#FF0000
541	R	28.37	5.35	-35.14	Temporal	temporalpole	none	7Networks_5	17Networks_9	183	386	183	#00FFFF
542	R	36.91	-3.48	-38.4	Temporal	inferiortemporal	none	7Networks_5	17Networks_9	184	387	184	#00FFFF
543	R	59.12	-42.25	-16.47	Temporal	inferiortemporal	none	7Networks_6	17Networks_13	185	388	185	#00FFFF
544	R	30.22	-6.43	-38.82	Temporal	fusiform	none	7Networks_5	17Networks_9	186	389	186	#00FFFF
545	R	58.72	-26.29	-19.55	Temporal	inferiortemporal	Frontal-Parietal	7Networks_5	17Networks_17	145	307	145	#66FF00
546	R	49.85	-13.13	-33.1	Temporal	inferiortemporal	none	7Networks_5	17Networks_9	187	390	187	#00FFFF
547	R	25.98	-6.27	-32.55	Temporal	fusiform	none	7Networks_5	17Networks_9	188	391	188	#00FFFF
548	R	50.29	-23.02	-28.31	Temporal	inferiortemporal	none	7Networks_5	17Networks_9	189	392	189	#00FFFF
549	R	36.77	-13.42	-28.93	Temporal	inferiortemporal	Frontal-Parietal	7Networks_5	17Networks_9	146	308	146	#66FF00
550	R	33.62	-18.16	-33.02	Temporal	fusiform	none	7Networks_5	17Networks_9	190	393	190	#00FFFF
551	R	43.43	-22.95	-23.15	Temporal	inferiortemporal	none	7Networks_5	17Networks_9	191	394	191	#00FFFF
552	R	48.38	-39.54	-20.62	Temporal	inferiortemporal	Cingulo-opercular	7Networks_3	17Networks_5	57	115	57	#FF0000
553	R	38.07	-41.22	-20.57	Temporal	fusiform	Somatomotor	7Networks_5	17Networks_9	295	585	295	#FF00CC
554	R	34.46	-24.52	-27.46	Temporal	fusiform	none	7Networks_5	17Networks_9	192	395	192	#00FFFF
555	R	34.07	-35.2	-17.99	Temporal	fusiform	none	7Networks_5	17Networks_9	193	396	193	#00FFFF
556	R	31.08	-30.43	-19.1	Temporal	fusiform	none	7Networks_5	17Networks_9	194	397	194	#00FFFF
557	R	26.61	-53.95	-4.17	Occipital	fusiform	Second-Visual	7Networks_1	17Networks_1	246	501	246	#CC00FF
558	R	18.57	-105.13	4.65	Occipital	lateraloccipital	First-Visual-V1+	7Networks_1	17Networks_1	93	203	93	#99FF00
559	R	12.52	-85.72	6.9	Occipital	pericalcarine	First-Visual-V1+	7Networks_1	17Networks_1	94	204	94	#99FF00
560	R	9.65	-74.6	-1.64	Occipital	lingual	Second-Visual	7Networks_1	17Networks_2	247	502	247	#CC00FF
561	R	49.7	-58.26	-12.35	Temporal	inferiortemporal	Frontal-Parietal	7Networks_3	17Networks_12	147	309	147	#66FF00
562	R	26.55	-97.18	0.27	Occipital	lateraloccipital	First-Visual-V1+	7Networks_1	17Networks_1	95	205	95	#99FF00
563	R	26.41	-99.63	7.79	Occipital	lateraloccipital	First-Visual-V1+	7Networks_1	17Networks_1	96	206	96	#99FF00
564	R	39.57	-66.13	-3.61	Occipital	inferiortemporal	Second-Visual	7Networks_3	17Networks_5	248	503	248	#CC00FF
565	R	29.1	-97.76	-7.67	Occipital	lateraloccipital	First-Visual-V1+	7Networks_1	17Networks_1	97	207	97	#99FF00
566	R	28.08	-90.17	-8.48	Occipital	lateraloccipital	First-Visual-V1+	7Networks_1	17Networks_1	98	208	98	#99FF00
567	R	13.6	-88.78	-5.62	Occipital	lateraloccipital	First-Visual-V1+	7Networks_1	17Networks_1	99	209	99	#99FF00
568	R	31.1	-80.5	-12.83	Occipital	fusiform	Second-Visual	7Networks_1	17Networks_1	249	504	249	#CC00FF
569	R	31.77	-70.36	-14.14	Occipital	fusiform	Second-Visual	7Networks_1	17Networks_1	250	505	250	#CC00FF
570	R	25.33	-76.85	-7.53	Occipital	fusiform	Second-Visual	7Networks_1	17Networks_1	251	506	251	#CC00FF
571	R	21.19	-65.5	-1.56	Occipital	lingual	Somatomotor	7Networks_1	17Networks_1	296	586	296	#FF00CC
572	R	5.75	-81.17	23.61	Occipital	cuneus	Second-Visual	7Networks_1	17Networks_2	252	507	252	#CC00FF
573	R	4.55	-68.42	27	Parietal	cuneus	Parieto-Occipital	7Networks_1	17Networks_2	211	427	211	#0066FF
574	R	17.27	-63.85	16.92	Occipital	precuneus	Second-Visual	7Networks_1	17Networks_2	253	508	253	#CC00FF
575	R	18.34	-69.19	26.25	Parietal	precuneus	Second-Visual	7Networks_1	17Networks_2	254	509	254	#CC00FF
576	R	13.14	-58.11	22.24	Parietal	precuneus	Parieto-Occipital	7Networks_7	17Networks_16	212	428	212	#0066FF
577	R	22.18	-33.6	-16.45	Temporal	parahippocampal	none	7Networks_5	17Networks_15	195	398	195	#00FFFF
578	R	19.78	-20.16	-18.73	Temporal	parahippocampal	none	7Networks_5	17Networks_15	196	399	196	#00FFFF
579	R	15.82	-31.11	-11.21	None	parahippocampal	none	7Networks_1	17Networks_15	197	400	197	#00FFFF
580	R	28.91	-17.16	-19.52	Temporal	???	none	FreeSurfer_Defined_Medial_Wall	FreeSurfer_Defined_Medial_Wall	198	401	198	#00FFFF
581	R	30.44	-24.19	-15.68	Temporal	???	none	FreeSurfer_Defined_Medial_Wall	FreeSurfer_Defined_Medial_Wall	199	402	199	#00FFFF
582	R	27.62	-31.12	-10.48	Temporal	???	none	FreeSurfer_Defined_Medial_Wall	FreeSurfer_Defined_Medial_Wall	200	403	200	#00FFFF
583	R	9.11	24.68	57.4	Frontal	superiorfrontal	Ventral-Attention-Language	7Networks_7	17Networks_17	312	629	312	#FF0033
584	R	10.94	36.44	50.02	Frontal	superiorfrontal	Frontal-Parietal	7Networks_7	17Networks_16	148	310	148	#66FF00
585	R	16.38	45.07	37.71	Frontal	rostralmiddlefrontal	Ventral-Attention-Language	7Networks_7	17Networks_17	313	630	313	#FF0033
586	R	27.3	40.4	28.59	Frontal	rostralmiddlefrontal	Cingulo-opercular	7Networks_4	17Networks_8	58	116	58	#FF0000
587	R	18.74	60.13	-1.19	Frontal	frontalpole	Frontal-Parietal	7Networks_5	17Networks_10	149	311	149	#66FF00
588	R	4.38	45.04	0.5	Frontal	medialorbitofrontal	Salience	7Networks_7	17Networks_16	218	439	218	#3300FF
589	R	27.65	53.75	10.39	Frontal	rostralmiddlefrontal	Frontal-Parietal-Other	7Networks_6	17Networks_13	164	330	164	#00FF66
590	R	11.2	60.23	6.19	Frontal	superiorfrontal	Ventral-Attention-Language	7Networks_7	17Networks_10	314	631	314	#FF0033
591	R	12.63	43.68	3.09	Frontal	medialorbitofrontal	Salience	7Networks_7	17Networks_16	219	440	219	#3300FF
592	R	22.04	56.91	18.05	Frontal	rostralmiddlefrontal	Frontal-Parietal	7Networks_7	17Networks_13	150	312	150	#66FF00
593	R	7.65	53.42	12.51	Frontal	superiorfrontal	Default	7Networks_7	17Networks_16	80	170	80	#FF6600
594	R	6.3	43.43	7.98	Frontal	superiorfrontal	Default	7Networks_7	17Networks_16	81	171	81	#FF6600
595	R	13.58	58.73	19.05	Frontal	superiorfrontal	Frontal-Parietal	7Networks_7	17Networks_16	151	313	151	#66FF00
596	R	13.63	38.02	12.47	Frontal	superiorfrontal	Frontal-Parietal	7Networks_7	17Networks_16	152	314	152	#66FF00
597	R	7.15	43.8	16.32	Frontal	superiorfrontal	Frontal-Parietal-Other	7Networks_7	17Networks_16	165	331	165	#00FF66
598	R	12.41	53.3	27.77	Frontal	superiorfrontal	Frontal-Parietal	7Networks_7	17Networks_17	153	315	153	#66FF00
599	R	4.95	48.63	25.93	Frontal	superiorfrontal	Default	7Networks_7	17Networks_16	82	172	82	#FF6600
600	R	5.18	45.86	39.91	Frontal	superiorfrontal	Ventral-Attention-Language	7Networks_7	17Networks_17	315	632	315	#FF0033
601	R	6.69	33.65	33.57	Frontal	superiorfrontal	Frontal-Parietal	7Networks_7	17Networks_16	154	316	154	#66FF00
602	R	20.05	32.52	38.13	Frontal	superiorfrontal	Frontal-Parietal-Other	7Networks_7	17Networks_16	166	332	166	#00FF66
603	R	21.23	32.31	49.92	Frontal	superiorfrontal	Default	7Networks_7	17Networks_16	83	173	83	#FF6600
604	R	15.83	24.67	51.24	Frontal	superiorfrontal	Default	7Networks_7	17Networks_16	84	174	84	#FF6600
605	R	25.29	25.86	42.6	Frontal	rostralmiddlefrontal	Frontal-Parietal-Other	7Networks_6	17Networks_8	167	333	167	#00FF66
606	R	29.99	15.87	51.88	Frontal	caudalmiddlefrontal	Frontal-Parietal	7Networks_7	17Networks_16	155	317	155	#66FF00
607	R	33.23	23.17	45.25	Frontal	rostralmiddlefrontal	Frontal-Parietal	7Networks_6	17Networks_8	156	318	156	#66FF00
608	R	30.7	16.23	37.8	Frontal	caudalmiddlefrontal	Frontal-Parietal-Other	7Networks_6	17Networks_13	168	334	168	#00FF66
609	R	36.14	12.7	-18.76	Insula	superiortemporal	Cingulo-opercular	7Networks_5	17Networks_9	59	117	59	#FF0000
610	R	38.35	-22.62	5.4	Temporal	transversetemporal	Cingulo-opercular	7Networks_2	17Networks_4	60	118	60	#FF0000
611	R	44.22	-13.1	-2.23	Temporal	superiortemporal	Cingulo-opercular	7Networks_2	17Networks_4	61	119	61	#FF0000
612	R	49.27	6.81	-7.86	Temporal	superiortemporal	Cingulo-opercular	7Networks_4	17Networks_4	62	120	62	#FF0000
613	R	54.59	-8.34	3.45	Temporal	superiortemporal	Cingulo-opercular	7Networks_2	17Networks_4	63	121	63	#FF0000
614	R	42.91	8.65	-21.88	Temporal	superiortemporal	Ventral-Attention-Language	7Networks_7	17Networks_14	316	633	316	#FF0033
615	R	52.38	2.19	-10.5	Temporal	superiortemporal	Cingulo-opercular	7Networks_7	17Networks_14	64	122	64	#FF0000
616	R	53.95	-10.88	-5.27	Temporal	superiortemporal	Ventral-Attention-Language	7Networks_2	17Networks_14	317	634	317	#FF0033
617	R	45.42	-3.95	-14.73	Temporal	superiortemporal	Default	7Networks_7	17Networks_17	85	175	85	#FF6600
618	R	49.51	-13.25	-13.82	Temporal	middletemporal	Default	7Networks_7	17Networks_16	86	176	86	#FF6600
619	R	58.42	-4.91	-18.66	Temporal	middletemporal	Frontal-Parietal	7Networks_7	17Networks_16	157	319	157	#66FF00
620	R	61.34	-16.96	-8.15	Temporal	middletemporal	Default	7Networks_7	17Networks_16	87	177	87	#FF6600
621	L	-11.67	-17.2	5.62	subcortical	Left-Thalamus-Proper	subcortical	na	na	344	587	608	#FF0066
622	L	-14.36	10.19	8.91	subcortical	Left-Caudate	subcortical	na	na	343	588	609	#FF0066
623	L	-26.47	0.75	-1.65	subcortical	Left-Putamen	subcortical	na	na	342	589	610	#FF0066
624	L	-19.98	-2.33	-3.54	subcortical	Left-Pallidum	subcortical	na	na	341	590	611	#FF0066
625	L	-24.29	-22.06	-14.01	subcortical	Left-Hippocampus	subcortical	na	na	340	591	612	#FF0066
626	L	-23.55	-4.17	-20.13	subcortical	Left-Amygdala	subcortical	na	na	339	592	613	#FF0066
627	L	-8.81	10.9	-9.43	subcortical	Left-Accumbens-area	subcortical	na	na	338	593	614	#FF0066
628	R	9.8	-15.81	5.97	subcortical	Right-Thalamus-Proper	subcortical	na	na	297	594	297	#FF0066
629	R	12.47	11.94	8.07	subcortical	Right-Caudate	subcortical	na	na	298	595	298	#FF0066
630	R	24.45	3.52	-2.15	subcortical	Right-Putamen	subcortical	na	na	299	596	299	#FF0066
631	R	18.72	-1.42	-2.53	subcortical	Right-Pallidum	subcortical	na	na	300	597	300	#FF0066
632	R	23.58	-20.65	-14.87	subcortical	Right-Hippocampus	subcortical	na	na	301	598	301	#FF0066
633	R	20.56	-3.82	-20.57	subcortical	Right-Amygdala	subcortical	na	na	302	599	302	#FF0066
634	R	6.76	12.04	-8.82	subcortical	Right-Accumbens-area	subcortical	na	na	303	600	303	#FF0066
